{
    "code": 0,
    "list": [{
            "id": 0,
            "title": "ZARA新款春装 女装 波点吊带连衣裙",
            "price": 299,
            "img": "1.png"
        },
        {
            "id": 1,
            "title": "ZARA 新款 TRF 女装 花卉印花连衣裙 02624445725",
            "price": 299,
            "img": "2.png"
        }, {
            "id": 2,
            "title": "  ZARA 新款 TRF 女装 波点迷笛连衣裙 03067101600",
            "price": 233,
            "img": "3.png"
        },
        {
            "id": 3,
            "title": "ochirly欧时力春装V领荷叶短袖仙女裙碎花连衣裙女1GY1083850",
            "price": 233,
            "img": "4.png"
        },
        {
            "id": 4,
            "title": "UR2019夏季新品青春女装都市风格纹V领连衣裙YU10S7EN2005",
            "price": 200,
            "img": "5.png"
        },
        {
            "id": 5,
            "title": "UR2019夏季新品青春女装都市风格纹V领连衣裙YU10S7EN2005",
            "price": 180,
            "img": "6.png"
        }
    ]
}